{"assets/font/Cairo-Black.ttf":["assets/font/Cairo-Black.ttf"],"assets/font/Cairo-Bold.ttf":["assets/font/Cairo-Bold.ttf"],"assets/font/Cairo-ExtraLight.ttf":["assets/font/Cairo-ExtraLight.ttf"],"assets/font/Cairo-Light.ttf":["assets/font/Cairo-Light.ttf"],"assets/font/Cairo-Regular.ttf":["assets/font/Cairo-Regular.ttf"],"assets/font/Cairo-SemiBold.ttf":["assets/font/Cairo-SemiBold.ttf"],"assets/images/Group -1.png":["assets/images/Group -1.png"],"assets/images/Icon-check.png":["assets/images/Icon-check.png"],"assets/images/MZ-1.png":["assets/images/MZ-1.png"],"assets/images/Mask1.png":["assets/images/Mask1.png"],"assets/images/Mask2.png":["assets/images/Mask2.png"],"assets/images/Mask3.png":["assets/images/Mask3.png"],"assets/images/OkyYaU.tif_-1.png":["assets/images/OkyYaU.tif_-1.png"],"assets/images/WKTrCD.tif_-1.png":["assets/images/WKTrCD.tif_-1.png"],"assets/images/blogpic.png":["assets/images/blogpic.png"],"assets/images/cF-1.png":["assets/images/cF-1.png"],"assets/images/del.png":["assets/images/del.png"],"assets/images/del@3x.png":["assets/images/del@3x.png"],"assets/images/engineers.png":["assets/images/engineers.png"],"assets/images/facebook.png":["assets/images/facebook.png"],"assets/images/gps.png":["assets/images/gps.png"],"assets/images/gpsno.png":["assets/images/gpsno.png"],"assets/images/homce.png":["assets/images/homce.png"],"assets/images/home.png":["assets/images/home.png"],"assets/images/linked.png":["assets/images/linked.png"],"assets/images/logo-11ىخ.png":["assets/images/logo-11ىخ.png"],"assets/images/logo-11.png":["assets/images/logo-11.png"],"assets/images/logo-o.png":["assets/images/logo-o.png"],"assets/images/logo.png":["assets/images/logo.png"],"assets/images/logvo.png":["assets/images/logvo.png"],"assets/images/lqbtWN.tif.png":["assets/images/lqbtWN.tif.png"],"assets/images/menu.png":["assets/images/menu.png"],"assets/images/pro1.png":["assets/images/pro1.png"],"assets/images/pro2.png":["assets/images/pro2.png"],"assets/images/pro3.png":["assets/images/pro3.png"],"assets/images/pro4.png":["assets/images/pro4.png"],"assets/images/projects.png":["assets/images/projects.png"],"assets/images/projectsno.png":["assets/images/projectsno.png"],"assets/images/rpSphA.tif_-2.png":["assets/images/rpSphA.tif_-2.png"],"assets/images/splash.png":["assets/images/splash.png"],"assets/images/twitter.png":["assets/images/twitter.png"],"assets/images/whatsapp.png":["assets/images/whatsapp.png"],"assets/images/yda-1.png":["assets/images/yda-1.png"],"packages/cupertino_icons/assets/CupertinoIcons.ttf":["packages/cupertino_icons/assets/CupertinoIcons.ttf"],"packages/fluttertoast/assets/toastify.css":["packages/fluttertoast/assets/toastify.css"],"packages/fluttertoast/assets/toastify.js":["packages/fluttertoast/assets/toastify.js"]}